student_id,ordered_food,productivity_level,mood,had_exam,grades_given,weather,budget ($),hunger_level,guilt_spending,food_type,healthiness_level,delivery_time,actual_amount_spent,exam_period,academic_stress_level,study_hours_today,,,,,,,,,,,,,,,,,,
S001,Yes,5,Tired,Yes,No,Sunny,20-25,3,None,Delivery,3,35-40,24,Exam Week,Medium,8-12,,,,,,,,,,,,,,,,,,
S002,Yes,4,Stressed,No,No,Cold,20-25,2,None,Delivery,2,20-25,23,Pre Exam,High,6-10,,,,,,,,,,,,,,,,,,
S003,No,1,Homesick,No,No,Windy,12-15,4,None,Microwave,2,25-30,15,None,Low,1-2,,,,,,,,,,,,,,,,,,
S004,Yes,3,Happy,Yes,No,Windy,20-25,4,Moderate,Delivery,3,25-30,20,Exam Week,Medium,8-12,,,,,,,,,,,,,,,,,,
S005,No,2,Sad,No,No,Sunny,10-15,1,Mild,Microwave,1,8-10,14,None,Low,1-2,,,,,,,,,,,,,,,,,,
S006,Yes,5,Stressed,Yes,No,Rainy,25,5,Mild,Delivery,3,20-25,25,Exam Week,High,8-12,,,,,,,,,,,,,,,,,,
S007,No,2,Lazy,No,No,Windy,12-15,2,Mild,Microwave,2,8-10,13,None,Low,1-2,,,,,,,,,,,,,,,,,,
S008,Yes,4,Happy,No,No,Sunny,13-15,3,Moderate,Delivery,3,25-30,13,None,Low,1-2,,,,,,,,,,,,,,,,,,
S009,Yes,2,Sad,No,Yes,Sunny,17-20,5,Strong,Delivery,2,40-45,21,Post Exam,High,0,,,,,,,,,,,,,,,,,,
S010,Yes,5,Stressed,No,No,Cold,20-25,4,Mild,Delivery,2,30-35,23,Pre Exam,High,6-10,,,,,,,,,,,,,,,,,,
S011,Yes,3,Sad,No,No,Sunny,15-17,4,Strong,Delivery,2,35-40,17,None,Low,1-2,,,,,,,,,,,,,,,,,,
S012,Yes,5,Stressed,No,No,Rainy,20-25,3,Mild,Delivery,1,20-25,24,Pre Exam,High,6-10,,,,,,,,,,,,,,,,,,
S013,Yes,5,Happy,Yes,No,Snow,25-30,5,None,Delivery,1,30-35,25,Exam Week,Medium,8-12,,,,,,,,,,,,,,,,,,
S014,No,3,Homesick,No,No,Windy,15-20,2,Mild,Microwave,2,8-10,16,None,Low,1-2,,,,,,,,,,,,,,,,,,
S015,Yes,1,Homesick,No,No,Cold,15-20,3,Strong,Delivery,2,50-55,21,None,Low,1-2,,,,,,,,,,,,,,,,,,
S016,Yes,5,Stressed,No,No,Sunny,25-30,4,Mild,Delivery,2,35-40,19,Pre Exam,High,6-10,,,,,,,,,,,,,,,,,,
S017,No,3,Lazy,No,No,Cold,15-20,2,None,Microwave,1,8-10,13,None,Low,1-2,,,,,,,,,,,,,,,,,,
S018,Yes,3,Happy,Yes,No,Snow,20-22,5,None,Delivery,3,15-20,21,Exam Week,Medium,8-12,,,,,,,,,,,,,,,,,,
S019,Yes,1,Stressed,Yes,No,Rainy,15-20,4,None,Delivery,2,25-30,19,Exam Week,High,8-12,,,,,,,,,,,,,,,,,,
S020,Yes,4,Happy,No,No,Rainy,15-20,3,Mild,Delivery,2,30,15,None,Low,1-2,,,,,,,,,,,,,,,,,,
S021,Yes,2,Sad,No,Yes,Windy ,18-20,5,Strong,Delivery,2,20-25,24,Post Exam,High,0,,,,,,,,,,,,,,,,,,
S022,Yes,3,Sad,No,No,Sunny,20,4,Strong,Delivery,3,30-35,19,None,Low,1-2,,,,,,,,,,,,,,,,,,
S023,No,1,Tired,No,No,Sunny,12-15,5,Moderate,Microwave,1,20-25,15,None,Low,1-2,,,,,,,,,,,,,,,,,,
S024,No,3,Lazy,No,No,Cold,15-20,3,None,Microwave,2,8-10,14,None,Low,1-2,,,,,,,,,,,,,,,,,,
S025,Yes,4,Happy,Yes,No,Sunny,25-30,4,Mild,Delivery,1,30-35,26,Exam Week,Medium,8-12,,,,,,,,,,,,,,,,,,
S026,No,2,Lazy,No,No,Sunny,12-15,2,None,Microwave,2,8-10,13,None,Low,1-2,,,,,,,,,,,,,,,,,,
S027,Yes,4,Stressed,No,No,Snow,20-25,4,Mild,Delivery,1,35-40,25,Pre Exam,High,6-10,,,,,,,,,,,,,,,,,,
S028,Yes,2,Happy,Yes,No,Rainy,15-20,4,Strong,Delivery,3,40-45,21,Exam Week,Medium,8-12,,,,,,,,,,,,,,,,,,
S029,No,2,Tired,No,No,Windy,15-20,2,Strong,Microwave,1,15-20,20,None,Low,1-2,,,,,,,,,,,,,,,,,,
S030,Yes,1,Homesick,No,Yes,Snow,25-30,4,None,Delivery,2,40-45,26,Post Exam,Medium,0,,,,,,,,,,,,,,,,,,
S031,No,1,Lazy,No,Yes,Sunny,14-16,4,Moderate,Microwave,2,10-15,16,Post Exam,Medium,0,,,,,,,,,,,,,,,,,,
S032,No,2,Lazy,No,No,Windy,10-15,3,Moderate,Microwave,2,10-15,15,None,Low,1-2,,,,,,,,,,,,,,,,,,
S033,Yes,5,Happy,Yes,Yes,Sunny,25-30,3,None,Delivery,1,50-55,26,Post Exam,High,0,,,,,,,,,,,,,,,,,,
S034,No,2,Lazy,No,No,Sunny,10-12,5,None,Microwave,1,15-20,12,None,Low,1-2,,,,,,,,,,,,,,,,,,
S035,Yes,3,Stressed,Yes,No,Rainy,17-20,5,None,Delivery,2,25-30,22,Exam Week,High,8-12,,,,,,,,,,,,,,,,,,
